precision,recall,f1-score,support
0.9913978494623656,0.9331983805668016,0.9614181438998958,494.0
0.05714285714285714,0.3333333333333333,0.0975609756097561,6.0
0.926,0.926,0.926,0.926
0.5242703533026114,0.6332658569500674,0.5294895597548259,500.0
0.9801867895545315,0.926,0.9510518578804141,500.0
